<xml xmlns:o="urn:schemas-microsoft-com:office:office">
 <o:MainFile HRef="../encuestas.htm"/>
 <o:File HRef="stylesheet.css"/>
 <o:File HRef="tabstrip.htm"/>
 <o:File HRef="sheet001.htm"/>
 <o:File HRef="sheet002.htm"/>
 <o:File HRef="image001.png"/>
 <o:File HRef="image002.png"/>
 <o:File HRef="image003.png"/>
 <o:File HRef="image004.png"/>
 <o:File HRef="image005.png"/>
 <o:File HRef="image006.png"/>
 <o:File HRef="image007.png"/>
 <o:File HRef="image008.png"/>
 <o:File HRef="image009.png"/>
 <o:File HRef="image010.png"/>
 <o:File HRef="image011.png"/>
 <o:File HRef="image012.png"/>
 <o:File HRef="image013.png"/>
 <o:File HRef="image014.png"/>
 <o:File HRef="image015.png"/>
 <o:File HRef="image016.png"/>
 <o:File HRef="image017.png"/>
 <o:File HRef="image018.png"/>
 <o:File HRef="image019.png"/>
 <o:File HRef="image020.png"/>
 <o:File HRef="image021.png"/>
 <o:File HRef="image022.png"/>
 <o:File HRef="image023.png"/>
 <o:File HRef="image024.png"/>
 <o:File HRef="image025.png"/>
 <o:File HRef="image026.png"/>
 <o:File HRef="image027.png"/>
 <o:File HRef="image028.png"/>
 <o:File HRef="sheet003.htm"/>
 <o:File HRef="image029.png"/>
 <o:File HRef="image030.png"/>
 <o:File HRef="image031.png"/>
 <o:File HRef="image032.png"/>
 <o:File HRef="image033.png"/>
 <o:File HRef="image034.png"/>
 <o:File HRef="image035.png"/>
 <o:File HRef="image036.png"/>
 <o:File HRef="image037.png"/>
 <o:File HRef="image038.png"/>
 <o:File HRef="image039.png"/>
 <o:File HRef="image040.png"/>
 <o:File HRef="image041.png"/>
 <o:File HRef="image042.png"/>
 <o:File HRef="image043.png"/>
 <o:File HRef="image044.png"/>
 <o:File HRef="image045.png"/>
 <o:File HRef="image046.png"/>
 <o:File HRef="image047.png"/>
 <o:File HRef="image048.png"/>
 <o:File HRef="image049.png"/>
 <o:File HRef="image050.png"/>
 <o:File HRef="image051.png"/>
 <o:File HRef="image052.png"/>
 <o:File HRef="image053.png"/>
 <o:File HRef="image054.png"/>
 <o:File HRef="image055.png"/>
 <o:File HRef="image056.png"/>
 <o:File HRef="image057.png"/>
 <o:File HRef="image058.png"/>
 <o:File HRef="image059.png"/>
 <o:File HRef="image060.png"/>
 <o:File HRef="image061.png"/>
 <o:File HRef="image062.png"/>
 <o:File HRef="image063.png"/>
 <o:File HRef="image064.png"/>
 <o:File HRef="image065.png"/>
 <o:File HRef="image066.png"/>
 <o:File HRef="image067.png"/>
 <o:File HRef="image068.png"/>
 <o:File HRef="image069.png"/>
 <o:File HRef="image070.png"/>
 <o:File HRef="image071.png"/>
 <o:File HRef="image072.png"/>
 <o:File HRef="image073.png"/>
 <o:File HRef="image074.png"/>
 <o:File HRef="image075.png"/>
 <o:File HRef="image076.png"/>
 <o:File HRef="image077.png"/>
 <o:File HRef="image078.png"/>
 <o:File HRef="image079.png"/>
 <o:File HRef="image080.png"/>
 <o:File HRef="image081.png"/>
 <o:File HRef="image082.png"/>
 <o:File HRef="image083.png"/>
 <o:File HRef="image084.png"/>
 <o:File HRef="image085.png"/>
 <o:File HRef="image086.png"/>
 <o:File HRef="image087.png"/>
 <o:File HRef="image088.png"/>
 <o:File HRef="image089.png"/>
 <o:File HRef="image090.png"/>
 <o:File HRef="image091.png"/>
 <o:File HRef="image092.png"/>
 <o:File HRef="image093.png"/>
 <o:File HRef="image094.png"/>
 <o:File HRef="image095.png"/>
 <o:File HRef="image096.png"/>
 <o:File HRef="image097.png"/>
 <o:File HRef="image098.png"/>
 <o:File HRef="image099.png"/>
 <o:File HRef="image100.png"/>
 <o:File HRef="image101.png"/>
 <o:File HRef="image102.png"/>
 <o:File HRef="image103.png"/>
 <o:File HRef="image104.png"/>
 <o:File HRef="image105.png"/>
 <o:File HRef="image106.png"/>
 <o:File HRef="image107.png"/>
 <o:File HRef="image108.png"/>
 <o:File HRef="image109.png"/>
 <o:File HRef="image110.png"/>
 <o:File HRef="image111.png"/>
 <o:File HRef="image112.png"/>
 <o:File HRef="image113.png"/>
 <o:File HRef="image114.png"/>
 <o:File HRef="image115.png"/>
 <o:File HRef="image116.png"/>
 <o:File HRef="image117.png"/>
 <o:File HRef="image118.png"/>
 <o:File HRef="sheet004.htm"/>
 <o:File HRef="image119.png"/>
 <o:File HRef="image120.png"/>
 <o:File HRef="image121.png"/>
 <o:File HRef="image122.png"/>
 <o:File HRef="image123.png"/>
 <o:File HRef="image124.png"/>
 <o:File HRef="image125.png"/>
 <o:File HRef="image126.png"/>
 <o:File HRef="sheet005.htm"/>
 <o:File HRef="image127.png"/>
 <o:File HRef="image128.png"/>
 <o:File HRef="image129.png"/>
 <o:File HRef="image130.png"/>
 <o:File HRef="image131.png"/>
 <o:File HRef="image132.png"/>
 <o:File HRef="image133.png"/>
 <o:File HRef="image134.png"/>
 <o:File HRef="image135.png"/>
 <o:File HRef="image136.png"/>
 <o:File HRef="image137.png"/>
 <o:File HRef="image138.png"/>
 <o:File HRef="image139.png"/>
 <o:File HRef="image140.png"/>
 <o:File HRef="image141.png"/>
 <o:File HRef="image142.png"/>
 <o:File HRef="image143.png"/>
 <o:File HRef="image144.png"/>
 <o:File HRef="image145.png"/>
 <o:File HRef="image146.png"/>
 <o:File HRef="sheet006.htm"/>
 <o:File HRef="image147.png"/>
 <o:File HRef="image148.png"/>
 <o:File HRef="image149.png"/>
 <o:File HRef="image150.png"/>
 <o:File HRef="image151.png"/>
 <o:File HRef="image152.png"/>
 <o:File HRef="image153.png"/>
 <o:File HRef="image154.png"/>
 <o:File HRef="image155.png"/>
 <o:File HRef="image156.png"/>
 <o:File HRef="image157.png"/>
 <o:File HRef="image158.png"/>
 <o:File HRef="image159.png"/>
 <o:File HRef="image160.png"/>
 <o:File HRef="image161.png"/>
 <o:File HRef="image162.png"/>
 <o:File HRef="image163.png"/>
 <o:File HRef="image164.png"/>
 <o:File HRef="image165.png"/>
 <o:File HRef="image166.png"/>
 <o:File HRef="image167.png"/>
 <o:File HRef="image168.png"/>
 <o:File HRef="image169.png"/>
 <o:File HRef="image170.png"/>
 <o:File HRef="image171.png"/>
 <o:File HRef="image172.png"/>
 <o:File HRef="image173.png"/>
 <o:File HRef="image174.png"/>
 <o:File HRef="image175.png"/>
 <o:File HRef="image176.png"/>
 <o:File HRef="image177.png"/>
 <o:File HRef="image178.png"/>
 <o:File HRef="image179.png"/>
 <o:File HRef="image180.png"/>
 <o:File HRef="image181.png"/>
 <o:File HRef="image182.png"/>
 <o:File HRef="image183.png"/>
 <o:File HRef="image184.png"/>
 <o:File HRef="image185.png"/>
 <o:File HRef="image186.png"/>
 <o:File HRef="image187.png"/>
 <o:File HRef="image188.png"/>
 <o:File HRef="image189.png"/>
 <o:File HRef="image190.png"/>
 <o:File HRef="image191.png"/>
 <o:File HRef="image192.png"/>
 <o:File HRef="image193.png"/>
 <o:File HRef="image194.png"/>
 <o:File HRef="sheet007.htm"/>
 <o:File HRef="image195.png"/>
 <o:File HRef="image196.png"/>
 <o:File HRef="image197.png"/>
 <o:File HRef="image198.png"/>
 <o:File HRef="image199.png"/>
 <o:File HRef="image200.png"/>
 <o:File HRef="sheet008.htm"/>
 <o:File HRef="image201.png"/>
 <o:File HRef="image202.png"/>
 <o:File HRef="image203.png"/>
 <o:File HRef="image204.png"/>
 <o:File HRef="image205.png"/>
 <o:File HRef="image206.png"/>
 <o:File HRef="image207.png"/>
 <o:File HRef="image208.png"/>
 <o:File HRef="image209.png"/>
 <o:File HRef="image210.png"/>
 <o:File HRef="image211.png"/>
 <o:File HRef="image212.png"/>
 <o:File HRef="image213.png"/>
 <o:File HRef="image214.png"/>
 <o:File HRef="image215.png"/>
 <o:File HRef="image216.png"/>
 <o:File HRef="image217.png"/>
 <o:File HRef="image218.png"/>
 <o:File HRef="image219.png"/>
 <o:File HRef="image220.png"/>
 <o:File HRef="image221.png"/>
 <o:File HRef="image222.png"/>
 <o:File HRef="image223.png"/>
 <o:File HRef="image224.png"/>
 <o:File HRef="image225.png"/>
 <o:File HRef="image226.png"/>
 <o:File HRef="sheet009.htm"/>
 <o:File HRef="image227.png"/>
 <o:File HRef="image228.png"/>
 <o:File HRef="image229.png"/>
 <o:File HRef="image230.png"/>
 <o:File HRef="image231.png"/>
 <o:File HRef="image232.png"/>
 <o:File HRef="image233.png"/>
 <o:File HRef="image234.png"/>
 <o:File HRef="image235.png"/>
 <o:File HRef="image236.png"/>
 <o:File HRef="sheet010.htm"/>
 <o:File HRef="image237.png"/>
 <o:File HRef="image238.png"/>
 <o:File HRef="image239.png"/>
 <o:File HRef="image240.png"/>
 <o:File HRef="image241.png"/>
 <o:File HRef="image242.png"/>
 <o:File HRef="image243.png"/>
 <o:File HRef="image244.png"/>
 <o:File HRef="image245.png"/>
 <o:File HRef="image246.png"/>
 <o:File HRef="image247.png"/>
 <o:File HRef="image248.png"/>
 <o:File HRef="sheet011.htm"/>
 <o:File HRef="image249.png"/>
 <o:File HRef="image250.png"/>
 <o:File HRef="image251.png"/>
 <o:File HRef="image252.png"/>
 <o:File HRef="image253.png"/>
 <o:File HRef="image254.png"/>
 <o:File HRef="image255.png"/>
 <o:File HRef="image256.png"/>
 <o:File HRef="image257.png"/>
 <o:File HRef="image258.png"/>
 <o:File HRef="image259.png"/>
 <o:File HRef="image260.png"/>
 <o:File HRef="image261.png"/>
 <o:File HRef="image262.png"/>
 <o:File HRef="image263.png"/>
 <o:File HRef="image264.png"/>
 <o:File HRef="image265.png"/>
 <o:File HRef="image266.png"/>
 <o:File HRef="image267.png"/>
 <o:File HRef="image268.png"/>
 <o:File HRef="image269.png"/>
 <o:File HRef="image270.png"/>
 <o:File HRef="image271.png"/>
 <o:File HRef="image272.png"/>
 <o:File HRef="image273.png"/>
 <o:File HRef="image274.png"/>
 <o:File HRef="image275.png"/>
 <o:File HRef="image276.png"/>
 <o:File HRef="image277.png"/>
 <o:File HRef="image278.png"/>
 <o:File HRef="image279.png"/>
 <o:File HRef="image280.png"/>
 <o:File HRef="image281.png"/>
 <o:File HRef="image282.png"/>
 <o:File HRef="image283.png"/>
 <o:File HRef="image284.png"/>
 <o:File HRef="image285.png"/>
 <o:File HRef="image286.png"/>
 <o:File HRef="image287.png"/>
 <o:File HRef="image288.png"/>
 <o:File HRef="image289.png"/>
 <o:File HRef="image290.png"/>
 <o:File HRef="sheet012.htm"/>
 <o:File HRef="image291.png"/>
 <o:File HRef="image292.png"/>
 <o:File HRef="image293.png"/>
 <o:File HRef="image294.png"/>
 <o:File HRef="image295.png"/>
 <o:File HRef="image296.png"/>
 <o:File HRef="image297.png"/>
 <o:File HRef="image298.png"/>
 <o:File HRef="image299.png"/>
 <o:File HRef="image300.png"/>
 <o:File HRef="image301.png"/>
 <o:File HRef="image302.png"/>
 <o:File HRef="image303.png"/>
 <o:File HRef="image304.png"/>
 <o:File HRef="image305.png"/>
 <o:File HRef="image306.png"/>
 <o:File HRef="image307.png"/>
 <o:File HRef="image308.png"/>
 <o:File HRef="image309.png"/>
 <o:File HRef="image310.png"/>
 <o:File HRef="image311.png"/>
 <o:File HRef="image312.png"/>
 <o:File HRef="image313.png"/>
 <o:File HRef="image314.png"/>
 <o:File HRef="filelist.xml"/>
</xml>